County,YEAR,Milk_Unit_price_Kshs,Pork_Unit_price_Kshs,Wool_Unit_price_Kshs,Dairy_Cattle,Beef_Cattle,Wool_sheep,Hair_sheep,Dairy_Goats,Meat_Goats,Donkeys,Camels,Log_Hives,Langstroth_Hives,Box_hives,Cab_hives,Turkeys,Ducks,Geese,Guinea_fowl,Pigeons,Doves,Quails,Ostrich,pigs,Rabbits,Chicken_Broilers,Chicken_layers,Chicken_Indigenous,Honey_kg,Wax_kg,Eggs_Trays,Hides_No,Skins_No,Camel_meat_kg,Camel_meat_Unit_price_Kshs,Camel_meat_Total_value_Kshs,Honey_Kgs,Honey_Kgs_Unit_price_Kshs,Honey_Kgs_Total_value_Kshs,Hides,Hides_Unit_price_Kshs,Hides_Total_value_Kshs,Skins,Skins_Unit_price_Kshs,Skins_Total_value_Kshs,Milk_kg,Milk_Total_value_Kshs,Beef_kg,Beef_Unit_price_Kshs,Beef_Total_value_Kshs,Mutton_kg,Mutton_Unit_price_Kshs,Mutton_Total_value_Kshs,Pork_kg,Pork_Total_value_Kshs,Rabbit_meat_kg,Rabbit_Unit_price_Kshs,Rabbit_Total_value_Kshs,Poultry_meat_kg,Poultry_Unit_price_Kshs,Poultry_Total_value_Kshs,Wool_kg,Wool_Total_value_Kshs,chevon_kg,chevon_Unit_price_Kshs,chevon_Total_value_Kshs
Baringo,2021,40,400,40,"148,211","373,807","15,509","527,622","6,360","953,741","9,062","13,464","152,518","3,202",NA,,"1,250","2,373",NA,104,NA,"1,709",NA,NA,253,"3,772","42,714","46,806","1,043,032","773,394","138,648","21,427,197","14,279","64,027","116,985",400,"46,794,000","882,385",600,"529,431,000","116,985",400,"46,794,000","882,385",600,"529,431,000","34,218,882","1,368,755,280","2,228,672",400,"891,468,688","323,633",500,"161,816,500","4,182","1,672,800","1,933",350,"676,550","411,167",500,"205,583,500","34,218,882","1,368,755,280","2,228,672",400,"891,468,688"
Baringo,2022,51,400,20,"145,919","361,753","16,052","361,179","6,526","937,081","5,002","13,249","152,607","3,454",NA,,446,"1,955",152,NA,NA,"1,426",0,22,329,"5,155","21,392","37,163","1,012,570",,,,,,"127,037",500,"63,518,500","970,623",600,"582,373,800","11,618",200,"2,323,600","107,111",50,"5,355,550","37,640,770","1,913,405,808","2,562,973",600,"1,537,783,800","388,359",700,"271,851,300","1,680","672,000","1,546",330,"510,312","414,281",207,"85,618,073","1,236","24,720","1,762,579",700,"1,233,805,300"
Baringo,2023,0,0,0,"147,496","383,626","18,439","380,921","7,743","1,046,051","4,443","19,263","165,939","3,819",5,,270,"1,303",227,568,165,,15,,350,"6,503","15,906","31,173","1,251,753",,,,,,,,,,,,,,,,,,,,,,,,,,,,,,,,,,,,,,
Bomet,2021,40,550,40,"320,264","7,639","84,567","81,305","79,548","71,436","10,227",NA,NA,"4,594",NA,,"1,929","2,007",331,NA,NA,NA,NA,NA,309,"6,302","13,439","91,701","883,494","342,208","85,552","39,839,808","16,920","20,400",NA,,NA,"347,342","1,000","347,342,000",NA,,NA,"347,342","1,000","347,342,000","128,963,790","5,158,551,600","117,088",450,"52,689,600","307,532",500,"153,766,000","13,550","7,452,500","7,136",350,"2,497,600","1,280,374",650,"832,243,100","128,963,790","5,158,551,600","117,088",450,"52,689,600"
Bomet,2022,42,600,30,"325,070","7,791","86,682","75,365","81,138","72,507","10,415",NA,NA,"4,869",NA,,"2,036","2,129","2,210",NA,NA,NA,0,0,358,"6,491","13,581","93,993","924,125",,,,,,,,NA,"650,698","1,000","650,698,000",,200,NA,,20,NA,"130,899,083","5,497,761,486","198,671",500,"99,335,250","4,584,309",700,"3,209,016,300","30,461","18,276,600","7,020",350,"2,457,000","1,574,412",433,"682,245,200","3,250","97,500","4,315,409",700,"3,020,786,300"
Bomet,2023,0,0,0,"329,946","7,947","88,850","77,249","82,762","73,594","9,895",,,"4,918",,,"2,056","2,172","2,255",,,,,,358,"6,685","13,851","96,343","961,090",,,,,,,,,,,,,,,,,,,,,,,,,,,,,,,,,,,,,,
Bungoma,2021,55,350,0,"149,227","267,138",NA,"135,409","7,461","124,792","12,457",NA,"6,678","8,123",30,,"27,611","47,041","15,843","3,151","22,096",NA,NA,5,"19,700","46,499","18,162","54,374","2,946,302","388,962","28,375","3,195,622","19,559","10,798",,,NA,"382,264",794,"303,687,511",NA,,NA,NA,,NA,"98,601,604","5,410,763,020","2,379,200",359,"853,868,444","2,519,640",468,"1,178,631,717","470,279","164,597,650","19,685",453,"8,924,084","1,227,316",411,"504,563,438",NA,NA,"845,645",600,"507,387,000"
Bungoma,2022,67,502,100,"167,921","271,528","1,312","134,812","6,763","139,933","12,399",NA,"6,302","8,560",NA,,"27,710","47,116","15,949","3,002","13,976",NA,196,5,"19,917","45,961","21,334","54,027","2,929,869",,,,,,,,NA,"1,623,264","1,000","1,623,264,000","78,582","1,200","94,298,400","66,400",100,"6,640,000","87,682,416","5,845,494,400","6,545,685",502,"3,287,388,467","498,169",639,"318,274,639","8,249,399","4,143,031,498","99,063",413,"40,946,040","10,537,864",452,"4,761,553,363","3,060","306,000","504,905",644,"325,383,222"
Bungoma,2023,0,0,0,"183,783","288,165","1,360","141,092","6,939","151,910","12,754",,"6,477","9,799",,,"30,975","50,459","16,403","4,137","20,211",2,302,,"18,227","40,541","21,982","56,634","3,123,769",,,,,,,,,,,,,,,,,,,,,,,,,,,,,,,,,,,,,,
Busia,2021,67,351,0,"36,969","268,119",NA,"45,012","2,520","98,794",285,NA,459,"3,794",NA,,"6,297","26,912","3,218","3,936","6,894",NA,767,NA,"78,746","5,335","11,624","42,824","1,866,576","69,803","4,188","1,499,073","7,936","26,800",,,NA,"94,990","1,000","94,990,000","4,000",150,"600,000",NA,,NA,"55,012,837","3,693,719,056","3,441,932",440,"1,514,450,080","97,775",497,"48,608,143","2,897,959","1,018,425,591","1,201",493,"591,921","4,181,124",514,"2,150,292,343",NA,NA,"331,213",400,"132,485,200"
Busia,2022,67,430,0,"37,553","271,349",NA,"46,560","2,560","102,303",291,NA,375,"3,868",NA,NA,"6,429","28,383","3,209","3,965","7,121",NA,775,,"81,894","5,442","11,851","43,681","1,756,621",,,,,,,,NA,"82,259",871,"71,682,843","17,271",156,"2,694,276","12,357",30,"370,710","56,934,440","3,822,740,971","3,469,611",500,"1,734,805,500","103,772",586,"60,780,743","4,474,080","1,923,854,400",655,557,"364,929","4,231,717",312,"1,319,892,683",,NA,"224,968",621,"139,801,543"
Busia,2023,0,0,0,"35,976","269,917",,"49,415","2,586","106,330",311,,733,"4,100",,,"6,723","34,133","3,212","4,877","7,264",,786,,"86,220","5,461","13,005","60,780","1,739,979",,,,,,,,,,,,,,,,,,,,,,,,,,,,,,,,,,,,,,
Elgeyo_Marakwet,2021,75,475,75,"281,015","170,631","212,434","216,471","1,533","425,125","4,030",82,"47,586","1,485",NA,,789,"5,294","1,630",NA,NA,NA,NA,NA,189,"2,463","2,239","16,263","720,544",,,,,,"3,891",480,"1,867,680","364,653",600,"218,791,800","3,891",480,"1,867,680","364,653",600,"218,791,800","62,096,875","4,657,265,625","639,488",640,"409,272,320","284,760",700,"199,332,000","2,229","1,058,775","1,312",350,"459,200","1,338,003",700,"936,602,100","62,096,875","4,657,265,625","639,488",640,"409,272,320"
Elgeyo_Marakwet,2022,50,550,240,"289,220","128,655","213,141","219,896","1,533","425,125","4,097",557,"47,492","2,628",,,828,"5,467","1,630",,,,,0,217,"2,488","2,478","16,263","699,017",,,,,,"5,837",700,"4,085,550","291,722",750,"218,791,500","5,394",300,"1,618,200","28,117",100,"2,811,700","63,338,812","3,166,940,615","652,278",650,"423,980,570","298,999",750,"224,249,250","2,273","1,250,150","1,248",350,"436,800","2,639,804",467,"1,231,908,533","284,240","68,217,480","1,765,408",750,"1,324,056,000"
Elgeyo_Marakwet,2023,0,0,0,"280,385","124,729","220,875","222,819","2,485","374,383","3,886",557,"37,994","3,022",334,,828,"5,467","1,646",578,56,399,,,635,"2,562","4,054","20,209","675,814",,,,,,,,,,,,,,,,,,,,,,,,,,,,,,,,,,,,,,
Embu,2021,35,500,35,,,,,,,,,,,,,,,,,,,,,,,,,,"1,331,040","13,310","1,781,846",NA,"956,851",,,,,,,,,,,,,,,,,,,,,,,,,,,,,,,,,
Embu,2022,55,500,0,"133,160","213,215",NA,"56,505","48,708","329,146","11,733",4,"43,103","7,215",800,,"1,625","6,423","2,094",976,NA,"2,007",0,6,"27,857","30,731","25,323","69,323","773,714",,,,,,,,NA,"749,626",800,"599,700,800",,,NA,,,NA,"111,285,171","6,120,684,405","2,685,188",600,"1,611,112,500","130,318",600,"78,190,800","1,037,988","518,994,000","17,465",600,"10,479,000","556,327",350,"194,714,450",,NA,"587,091",800,"469,672,800"
Embu,2023,0,0,0,"134,493","200,678",,"57,919","49,927","337,374",6,"11,851","43,427","7,478",816,,"1,634","6,521","2,105",984,,"2,108",,,"28,833","31,192","25,622","70,363","629,057",,,,,,,,,,,,,,,,,,,,,,,,,,,,,,,,,,,,,,
Garissa,2021,60,0,15,268,"1,337,617",NA,"1,154,202",129,"2,374,679","218,342","714,304","1,623","2,758",NA,,3,20,NA,NA,NA,NA,NA,NA,NA,10,"5,856","20,780","582,454",NA,NA,"405,643",NA,NA,"1,151,800",500,"575,900,000","29,500","1,000","29,500,000","9,272",250,"2,317,985","27,124",200,"5,424,870","997,850","59,871,000","214,000",500,"107,000,000","311,453",600,"186,871,800",NA,NA,NA,,NA,"9,415","1,000","9,415,000","451,710","6,775,650","247,560",620,"153,487,200"
Garissa,2022,70,0,0,136,"1,614,529",NA,"1,036,163",133,"1,924,595","134,422","491,280",227,534,162,NA,13,35,NA,NA,NA,NA,127,30,NA,141,"198,000","126,456","242,880",,,,,,"1,151,800","1,000","1,151,800,000","29,500","1,000","29,500,000","4,000",150,"600,000",,,NA,"217,070,432","15,194,930,241","214,000","1,000","214,000,000","311,453","1,200","373,743,600",,NA,,,NA,"9,415",600,"5,649,000",,NA,"913,645","1,200","1,096,374,000"
Garissa,2023,0,0,0,"399,105","1,153,105",,"1,036,163",267,"1,924,595","134,422","491,280",227,534,162,,24,47,,,87,,127,,,141,"204,000","129,456","261,150",,,,,,,,,,,,,,,,,,,,,,,,,,,,,,,,,,,,,,
Homa Bay,2021,83,450,100,"12,836","350,795",NA,"260,573","4,567","511,637","12,320",NA,NA,"11,743",NA,,826,"5,816","1,340",684,"1,808",NA,786,NA,"13,918","3,956","4,200","15,975","3,928,977","368,715","36,872","2,756,427",NA,NA,,,NA,"110,208",925,"101,942,400","43,229",35,"1,513,015","11,392",75,"854,400","20,646,032","1,703,297,640","4,427,476",449,"1,986,829,855","531,278",531,"282,241,438","476,982","214,641,900","2,864",600,"1,718,400","1,396,490",670,"935,648,300","16,000","1,600,000","975,000",483,"471,250,000"
Homa Bay,2022,85,531,0,"11,308","369,827",NA,"283,398","4,844","516,832","10,082",NA,NA,"12,638",NA,NA,885,"5,666","1,425","1,691","2,166",10,924,0,"14,401","4,150","5,200","17,455","4,144,501",,,,,,,,NA,"119,189",950,"113,229,550","15,340",500,"7,670,000","8,011",100,"801,100","22,502,846","1,912,741,910","4,046,521",513,"2,073,842,013","669,313",556,"372,305,356","694,161","368,773,031","3,647",625,"2,279,375","4,792,838",413,"1,977,045,675",,NA,"1,108,430",594,"658,130,313"
Homa Bay,2023,0,0,0,"12,203","385,137",,"297,464","5,147","552,109","10,354",,,"15,617",,,933,"6,138","1,539","1,765","2,283",15,962,,"15,497","4,328","4,856","18,558","4,600,514",,,,,,,,,,,,,,,,,,,,,,,,,,,,,,,,,,,,,,
Isiolo,2021,97,400,0,"11,155","274,055",NA,"1,009,385","1,252","1,111,246","38,174","307,011","3,675","6,081",111,,66,110,177,242,144,NA,NA,13,346,556,"11,147","17,100","70,252","4,895",490,"126,454","5,925","95,120","2,158,444",400,"863,377,632","238,988",633,"151,358,769","16,596",200,"3,319,120","97,373",50,"4,868,650","51,805,621","5,007,876,710","1,728,607",400,"691,442,829","2,452,806",500,"1,226,402,775","11,630","4,652,176",368,300,"110,259","160,339",467,"74,824,997",NA,NA,"231,922",600,"139,153,200"
Isiolo,2022,77,500,0,"6,442","158,267",NA,"817,602","1,014","1,009,950","38,140","157,782","3,749","6,203",113,,69,116,186,254,151,NA,0,15.84,339,625,"12,237","19,549","79,873",,,,,,"1,482,146",533,"790,477,867","891,767",850,"758,001,950",30,,NA,50,,NA,"85,200,483","6,532,037,030","1,058,942",533,"564,769,067","1,986,773",717,"1,423,853,983","1,602","801,000",404,533,"215,467","205,555",400,"82,222,000",,NA,"1,834,732",717,"1,314,891,267"
Isiolo,2023,0,0,0,"6,764","166,184",,"883,010","1,255","1,090,745","39,283","162,516","3,960","6,860",113,,120,234,326,324,220,,,,476,824,"14,539","29,068","105,077",,,,,,,,,,,,,,,,,,,,,,,,,,,,,,,,,,,,,,
Kajiado,2021,90,450,0,"133,226","652,856",NA,"1,244,854","3,332","1,177,771","39,344","2,550",993,"8,667",579,,"1,300","1,980",950,630,NA,150,100,"1,200","47,839","14,807","850,817","141,182","297,372","194,442","15,389","10,028,064","20,075","25,550","39,980",500,"19,989,750","326,727","1,000","326,726,600","169,295",58,"9,849,891","144,161",28,"3,997,191","56,394,418","5,075,497,619","6,152,588",550,"3,383,923,125","3,054,006",600,"1,832,403,825","399,457","179,755,758","7,382",900,"6,643,834","1,037,634","1,000","1,037,633,826",NA,NA,"68,256",450,"30,715,200"
Kajiado,2022,90,650,0,"126,565","328,138",NA,"814,402","3,232","1,045,810","38,164","2,665",941,"9,500",608,NA,"1,339","2,039",979,649,NA,152,70,1140,"8,779","8,788","273,370","153,542","327,109",,,,,,,,NA,"244,250","1,000","244,250,000","21,450",300,"6,435,000","46,414",60,"2,784,840","91,808,540","8,262,768,600","4,730,001",700,"3,311,000,700","2,878,962",800,"2,303,169,600","1,724,285","1,120,785,250","4,709","1,000","4,709,000","439,580",383,"168,505,667",,NA,"3,100,257",800,"2,480,205,600"
Kajiado,2023,0,0,0,"137,500","378,400",,"959,654","3,453","1,033,419","40,102","2,653",993,"9,602",584,,"1,347","2,032",980,653,,158,100,,"51,318","15,694","1,004,948","156,617","324,284",,,,,,,,,,,,,,,,,,,,,,,,,,,,,,,,,,,,,,
Kakamega,2021,65,382,0,,,,,,,,,,,,,,,,,,,,,,,,,,"1,557,668","23,256","3,106,373","36,146","21,639",,,,,,,,,,,,,,,,,,,,,,,,,,,,,,,,,
Kakamega,2022,65,385,0,"184,402","300,182",450,"83,542","9,597","117,830","6,740",NA,"4,319","25,398",816,1,"18,684","56,871","12,598","10,621","21,581","7,354",13472,,"76,228","59,944","341,539","416,467","2,159,640",,,,,,,,NA,"626,964",867,"543,368,800","33,154",88,"2,900,975","19,355",67,"1,299,550","140,118,351","9,107,692,788","6,625,132",453,"2,997,872,230","198,228",524,"103,904,510","499,181","192,184,685","18,002",347,"6,249,266","2,293,174",348,"798,094,042",,NA,"148,728",554,"82,420,100"
Kakamega,2023,0,0,0,"106,845","320,621",450,"86,038","10,074","119,461","2,413",9,"4,394","27,293",411,,"19,241","59,260","12,955","12,131","22,760","2,698","12,364",,"83,299","61,721","344,492","434,247","3,445,882",,,,,,,,,,,,,,,,,,,,,,,,,,,,,,,,,,,,,,
Kericho,2021,50,400,50,"262,933","107,072","11,609","50,458","1,893","75,767","14,211",NA,"6,746","2,264",NA,,590,"4,506","3,307",NA,NA,NA,NA,NA,"1,297","6,740","8,553","48,195","507,789","160,792","2,740","2,331,581","27,797","11,148",,,NA,"164,008","1,000","164,007,840",,,NA,"164,008","1,000","164,007,840","183,750,000","9,187,500,000","4,381,091",500,"2,190,545,700","121,769",500,"60,884,330","3,981","1,592,304",NA,400,NA,NA,600,NA,"183,750,000","9,187,500,000","4,381,091",500,"2,190,545,700"
Kericho,2022,40,500,100,"276,080","109,213","11,725","50,963","1,988","79,555","13,500",NA,"6,544","2,377",NA,,566,"4,371","3,175",NA,NA,NA,0,0,"1,258","6,605","8,296","46,749","497,633",,,,,,,,NA,"902,064",783,"706,616,643","63,648",25,"1,591,200","132,600",25,"3,315,000","195,174,022","7,806,960,884","1,591,200",500,"795,600,000","131,040",633,"82,992,000","1,415","707,500",683,400,"273,200","251,866",333,"83,955,233","4,715","471,500","381,888",633,"241,862,400"
Kericho,2023,0,0,0,"281,601","111,398","12,195","53,001","2,068","82,737","15,000",,"12,139","1,562",,,608,"4,641","3,406",,,,,,"1,322","6,874","8,810","49,641","505,099",,,,,,,,,,,,,,,,,,,,,,,,,,,,,,,,,,,,,,
Kiambu,2021,48,300,0,"265,809","32,088","41,614","90,573","14,583","71,468","8,410",NA,"1,490","5,399",40,,"4,402","10,846","3,500",594,NA,NA,NA,NA,"107,426","25,905","448,301","1,621,731","1,238,659","110,468","11,048","10,760,687","101,504","78,312",,,NA,"110,468",800,"88,374,073","12,396",400,"4,958,400","10,301",80,"824,080","356,959,419","17,134,052,107","731,617",280,"204,852,735","492,290",300,"147,686,927","5,376,647","1,612,994,198","21,543",250,"5,385,681","2,234,012",450,"1,005,305,516",NA,NA,"299,492",600,"179,694,955"
Kiambu,2022,47,350,70,"271,125","30,484","41,016","90,261","15,260","73,553","7,408",NA,"1,456","5,561",110,NA,"4,446","10,954","3,500",906,NA,NA,0,0,"118,168","25,646","533,562","1,687,680","1,275,818",,,,,,,,NA,"110,468",800,"88,374,160","145,831",525,"76,561,275","79,577",70,"5,570,390","380,739,083","17,863,008,653","762,073",400,"304,829,240","485,786",450,"218,603,700","4,399,075","1,539,676,285","21,543",500,"10,771,350","2,040,838",450,"918,377,145","22,208","1,554,539","212,260",450,"95,517,090"
Kiambu,2023,0,0,0,"273,836","29,875","40,197","88,457","15,182","70,752","6,667",,"1,455","5,561",110,,"4,360","10,740","3,466",590,,,,,"96,682","25,135","439,334","1,605,513","1,339,610",,,,,,,,,,,,,,,,,,,,,,,,,,,,,,,,,,,,,,
Kilifi,2021,60,800,0,"53,448","176,443",NA,"38,461","3,105","251,266","1,011",39,"3,058","7,125",160,,"6,147","74,954","7,118","3,885",20,NA,"1,258",152,"2,588","2,325","122,295","70,525","651,120","13,660","1,361","856,322",NA,NA,NA,,NA,"191,270",700,"133,889,000","119,318",20,"2,386,360","37,002",10,"370,020","25,425,680","1,525,540,770","4,990,370",400,"1,996,148,000","2,049,714",450,"922,371,300","167,040","133,632,000","4,321",500,"2,160,600","13,539,323",600,"8,123,593,536",NA,NA,"2,524,518",700,"1,767,162,600"
Kilifi,2022,0,0,0,"20,240","226,835",NA,"59,300","3,101","569,365","2,888","2,117","3,701","7,801",161,20,"5,067","82,981","3,211","8,658",NA,NA,0,16000,"3,480","3,601","1,321,618","78,855","688,040",,,,,,,,,,,,,,,,,,,,,,,,,,,,,,,,,,,,,,
Kilifi,2023,0,0,0,"31,993","236,893",,"68,084","3,480","473,290",767,"2,490","6,033","8,517",183,,"6,299","84,654","10,661","8,168",,558,340,,"2,766","5,123","227,010","82,056","702,740",,,,,,,,,,,,,,,,,,,,,,,,,,,,,,,,,,,,,,
Kirinyaga,2021,47,500,47,"86,314","40,465",NA,"18,967","18,440","53,005","6,147",NA,"4,246","5,785",220,,620,"7,611","7,068",897,NA,NA,NA,NA,"19,995","26,253","235,901","89,363","763,303","188,445","30,129","1,129,363","12,678","13,561",NA,450,NA,"337,442",900,"303,697,800",NA,450,NA,"337,442",900,"303,697,800","62,944,093","2,958,372,371","2,732,160",500,"1,366,080,000","28,476",600,"17,085,600","756,000","378,000,000","17,630",450,"7,933,500","714,653",600,"428,791,800","62,944,093","2,958,372,371","2,732,160",500,"1,366,080,000"
Kirinyaga,2022,54,450,0,"86,468","40,112",NA,"18,984","23,971","51,307","5,313",NA,"3,216","6,248",171,,716,"8,387","8,248",960,NA,NA,0,0,"17,988","20,990","226,374","53,590","778,614",,,,,,,,NA,"394,015",700,"275,810,500","17,209",,NA,"17,210",,NA,"65,359,974","3,529,438,596","2,825,280",450,"1,271,376,000","28,767",450,"12,945,150","739,872","332,942,400","17,723",250,"4,430,800","1,354,763",343,"465,135,194",,NA,"94,239",500,"47,119,500"
Kirinyaga,2023,0,0,0,"89,889","41,100",,"19,178","24,337","52,355","5,055",,"3,272","6,430",171,,796,"9,050","8,638",920,,,,,"17,616","21,099","499,050","44,600","383,848",,,,,,,,,,,,,,,,,,,,,,,,,,,,,,,,,,,,,,
Kisii,2021,51,436,51,"55,014","150,369",NA,"14,491","2,285","59,838","1,729",NA,450,776,121,,"4,529","8,562","3,200","4,218",835,"5,719","1,026",NA,"1,772","5,405","26,449","90,965","1,008,954","58,112","20,825","658,536","21,641","11,091",,,,,,,,,,,,,,,,,,,,,,,,,,,,,,,,,
Kisii,2022,60,500,0,"56,114","164,383",NA,"15,073","2,376","62,233","1,745",NA,476,"7,219",141,,"1,395","3,451","1,165","1,068",467,"2,704",143.325,0,"1,806","5,512","26,671","100,885","1,024,089",,,,,,,,NA,"81,466","1,000","81,466,000","14,427",300,"4,328,100","28,139",20,"562,780","63,179,584","3,790,775,040","1,993,417",555,"1,105,440,503","75,440",605,"45,606,909","72,934","36,467,000",729,500,"364,500","453,930",352,"159,563,273",,NA,"311,475",664,"206,706,136"
Kisii,2023,0,0,0,"57,236","166,028",,"15,676","2,473","64,721","1,762",,376,"2,489",163,,"1,415","3,501","1,182","1,084",474,"2,746",145,,"1,862","5,623","25,106","97,679","1,039,450",,,,,,,,,,,,,,,,,,,,,,,,,,,,,,,,,,,,,,
Kisumu,2021,85,480,0,"23,774","222,882",NA,"229,307","3,572","177,269","3,173",NA,NA,"3,368",NA,,747,"5,233","1,188",723,"4,120",NA,285,NA,"5,155","9,646","585,630","62,953","3,228,190","85,446","9,494","2,590,321","22,785","38,452",NA,,NA,"166,812","1,200","200,174,400","104,228",53,"5,558,827","24,323",24,"583,752","50,568,300","4,298,305,510","2,913,513",500,"1,456,756,395","681,042",600,"408,625,074","202,076","96,996,480","10,209",450,"4,594,197","4,842,014",500,"2,421,006,916",NA,NA,"1,779,998",533,"949,332,480"
Kisumu,2022,85,480,0,"24,249","225,111",NA,"247,652","3,929","194,996","3,490",NA,NA,"3,503",NA,NA,796,"5,756","1,212",737,"4,202",NA,296.4,0,"154,650","11,575","644,193","69,248","3,292,754",,,,,,,,NA,"181,180","1,200","217,416,000","19,433",450,"8,744,850","25,226",85,"2,144,210","56,094,734","4,768,052,390","4,178,198",500,"2,089,098,850","682,032",600,"409,219,200","7,247,672","3,478,882,560","10,343",450,"4,654,350","9,834,006",317,"3,114,101,900",,NA,"758,145",600,"454,887,000"
Kisumu,2023,0,0,0,"25,218","229,614",,"267,464","4,244","210,596","3,526",,,"3,609",,,804,"5,872","1,237",753,"4,244",,155,,"159,290","11,806","676,403","71,326","3,358,608",,,,,,,,,,,,,,,,,,,,,,,,,,,,,,,,,,,,,,
Kitui,2021,67,600,0,"10,432","506,743",NA,"96,062","4,001","1,138,187","151,278",NA,"153,658","6,694",731,,"13,467","9,004","4,973","3,239","10,414",NA,NA,NA,"2,970","8,163","4,074","18,463","2,003,162","4,508,023","832,554","1,463,690","13,530","56,715",NA,,NA,"3,846,332",750,"2,884,749,000","7,522",60,"451,320","95,502",60,"5,730,120","6,767,818","452,597,829","10,498,143",400,"4,199,257,200",NA,,NA,"284,800","170,880,000","31,982",500,"15,991,000","6,693,855",350,"2,342,849,250",NA,NA,"201,782",600,"121,069,200"
Kitui,2022,70,700,0,"9,874","563,089",NA,"127,656","6,113","1,738,311","159,850",NA,"176,372","9,311",938,NA,"15,217","10,001","10,046","3,547","8,965",NA,0,0,"3,426","9,663","2,133","41,169","2,010,558",,,,,,"3,846,332",750,"2,884,749,000","752,820","1,000","752,820,000","42,365",50,"2,118,250","42,365",50,"2,118,250","44,387,170","3,107,101,900","11,809,102",800,"9,447,281,600","295,843",900,"266,258,502","163,677","114,573,900","16,559",600,"9,935,400","6,693,855",117,"780,949,750",,NA,"8,890,826",900,"8,001,743,400"
Kitui,2023,0,0,0,"10,564","602,505",,"131,486","7,032","1,999,058","326,095",,"211,646","12,105","1,031",,"23,129","17,002","17,080","3,902","12,552",,,,"3,595","19,712","22,743","452,859","4,101,538",,,,,,,,,,,,,,,,,,,,,,,,,,,,,,,,,,,,,,
Kwale,2021,51,675,70,"8,924","237,585",NA,"68,160","3,750","390,491","1,496","1,526","2,215","6,684",76,,851,"48,119","1,393","2,721",350,"4,897",392,NA,640,"3,314","52,371","63,324","410,290","16,481","1,950","659,803","14,642","21,962",NA,,NA,"100,082",800,"80,065,600","3,660",300,"1,098,000","42,365",50,"2,118,250","25,342,779","1,298,817,424","5,827,264",413,"2,403,746,400","261,133",500,"130,566,500","40,944","27,637,200","10,396",750,"7,797,000","1,572,925",800,"1,258,340,000","22,661","1,586,262","220,659",300,"66,197,632"
Kwale,2022,65,800,0,"7,726","237,662",NA,"69,520","3,235","399,980","1,228","3,513","3,007","8,635",NA,NA,854,"47,534","1,484","3,202","6,215",NA,0,0,853,"2,166","53,235","40,915","558,514",,,,,,"204,900",300,"61,470,000","130,469",850,"110,898,650","12,574",200,"2,514,800","93,903",20,"1,878,060","30,207,057","1,963,458,705","6,130,835",600,"3,678,501,000","372,206",800,"297,764,800","40,924","32,739,200","9,574",775,"7,419,850","1,650,087",458,"756,289,875",,NA,"1,788,556",800,"1,430,844,800"
Kwale,2023,0,0,0,"8,472","260,801",,"77,309","3,584","472,803","1,359","2,826","3,177","8,730",5,,"1,137","51,939","1,861","16,399","8,566",,,,"1,051","2,498","79,568","41,594","614,192",,,,,,,,,,,,,,,,,,,,,,,,,,,,,,,,,,,,,,
Laikipia,2021,57,433,100,"78,880","244,490","3,270","361,681","18,370","529,050","19,880","17,786","32,780","5,150",950,,"4,490","9,400","4,120",NA,NA,NA,NA,650,"2,332","7,190","39,820","45,120","580,650",,,,,,,,,,,,,,,,,,,,,,,,,,,,,,,,,,,,,,
Laikipia,2022,60,533,100,"76,514","232,266","3,172","325,513","18,186","518,469","20,278","18,675","34,419","10,474","1,495",,"4,715","9,870","4,326",NA,NA,NA,0,0,"2,915","8,628","41,811","47,376","609,683",,,,,,"33,750",717,"24,187,500","114,900",783,"90,005,000","30,750",283,"8,712,500","145,301",48,"7,022,882","37,516,850","2,251,011,000","3,094,380",583,"1,805,055,000","771,740",583,"450,181,667","128,070","68,304,000","17,760",533,"9,472,000","3,152,450",489,"1,541,197,778","17,000","1,700,000","1,181,350",633,"748,188,333"
Laikipia,2023,0,0,0,"79,575","243,266","3,250","374,340","18,550","596,240","20,680","19,430","36,140","13,620","1,740",,"5,470","12,930","4,590",,,,,,"5,990","10,355","54,354","59,220","640,170",,,,,,,,,,,,,,,,,,,,,,,,,,,,,,,,,,,,,,
Lamu,2021,100,700,0,"9,886","195,359",NA,"27,095","6,709","156,279","12,143",NA,"1,376","1,050",503,,"1,465","4,100","4,915",189,635,"1,245","3,016",NA,"7,545","4,532","6,687","6,970","206,618",,,,,,,,,,,,,,,,,,,,,,,,,,,,,,,,,,,,,,
Lamu,2022,80,500,0,"11,671","202,312",NA,"30,382","7,302","160,402","13,128",NA,"1,574","1,190",638,NA,"1,497","5,019","5,181","1,547","1,977","2,404",5234,0,"7,720","5,110","8,745","8,058","225,779",,,,,,"67,950",800,"54,360,000","52,228","1,000","52,228,000","16,515",300,"4,954,500","52,956",50,"2,647,800","22,243,735","1,779,498,835","1,830,450",500,"915,225,000","189,985",600,"113,991,000","15,000","7,500,000",,600,NA,"111,162",167,"18,527,000",,NA,"355,210",600,"213,126,000"
Lamu,2023,0,0,0,"10,391","357,504",,"224,422","7,222","1,036,154","73,385","221,508","1,410","1,076",528,,"1,502","4,203","5,038",214,"1,431","1,276","3,091",,"7,734","4,645","7,816","9,066","225,633",,,,,,,,,,,,,,,,,,,,,,,,,,,,,,,,,,,,,,
Machakos,2021,70,500,30,"62,748","312,137",NA,"206,110","7,596","560,314","24,121",200,"18,844","12,333",NA,,"3,168","5,463","2,268","1,092",50,NA,NA,NA,"8,818","28,498","412,879","432,967","2,191,402","338,584","3,927,240","33,858","47,222","89,091","3,150",550,"1,732,500","758,450","1,000","758,450,000","2,253",800,"1,802,400","11,079",100,"1,107,900","38,027,296","2,661,910,720","4,722,771",520,"2,455,841,018","472,738",600,"283,642,800","409,502","204,751,000","24,421",350,"8,547,350","4,844,463",500,"2,422,231,500","3,250","97,500","270,028",500,"135,014,000"
Machakos,2022,60,600,0,"64,010","305,950",NA,"210,255","7,765","585,340","24,825",210,"25,719","15,085",NA,NA,"3,255","5,580","2,355","1,203",245,NA,0,0,"9,000","43,095","421,177","509,120","2,301,130",,,,,,"2,850",600,"1,710,000","374,893","1,000","374,893,000","36,523",300,"10,956,900","192,757",50,"9,637,850","38,711,430","2,322,685,800","5,052,950",600,"3,031,770,000","422,498",800,"337,998,400","483,528","290,116,800","22,593",350,"7,907,718","4,479,159",367,"1,642,358,300",,NA,"1,106,006",800,"884,804,800"
Machakos,2023,0,0,0,"65,010","300,220",,"187,777","8,143","614,448","25,100",190,"25,719","15,845",,,"4,560","6,435","2,705","1,420",175,,,,"10,627","26,897","446,989","468,386","2,381,287",,,,,,,,,,,,,,,,,,,,,,,,,,,,,,,,,,,,,,
Makueni,2021,70,600,160,"30,158","221,227",NA,"113,014","15,396","854,478","42,312",720,"41,345","11,529",NA,,NA,"1,009","3,316",NA,NA,NA,NA,NA,"3,425","18,327","29,886","41,780","1,582,081","668,324","57,330","1,304,014","43,788","213,311",,,,,,,,,,,,,,,,,,,,,,,,,,,,,,,,,
Makueni,2022,50,700,0,"28,649","210,163",NA,"118,663","15,780","897,201","44,428",720,"42,169","16,221",NA,NA,"1,109","3,646",NA,NA,NA,NA,0,0,"3,251","18,692","23,907","43,029","1,502,975",,,,,,,,NA,"771,915","1,000","771,915,000","28,029",420,"11,772,180","82,351",50,"4,117,550","19,985,706","999,285,300","5,026,834",633,"3,183,661,280","115,892",733,"84,987,467","179,854","125,897,800","18,780",500,"9,390,000","6,119,242",267,"1,631,797,867",,NA,"2,650,742",733,"1,943,877,467"
Makueni,2023,0,0,0,"27,216","199,654",,"112,731","14,992","852,341","38,186",650,"37,314","10,405",,,,911,"2,992",,,,,,"3,082","16,541","26,972","37,706","1,427,828",,,,,,,,,,,,,,,,,,,,,,,,,,,,,,,,,,,,,,
Mandera,2021,167,0,0,"1,684","1,295,432",NA,"1,982,699","6,864","4,251,023","242,707","1,767,001",NA,NA,75,,NA,NA,NA,20,780,NA,NA,NA,NA,NA,"6,265","4,175","65,274","160,058","16,006","66,134",NA,NA,"369,065",650,"239,892,250","92,000","1,000","92,000,000","202,700",120,"24,324,000","80,920",30,"2,427,600","383,229","63,871,500","2,833,720",425,"1,204,331,000","430,990",600,"258,594,000",NA,NA,NA,,NA,"5,192,180",833,"4,326,816,667",NA,NA,"407,261",600,"244,356,600"
Mandera,2022,120,0,0,200,"551,229",NA,"785,487",421,"2,426,944","157,737","340,983",NA,251,NA,NA,23,43,NA,8,NA,15,0,35,NA,NA,"13,384","10,977","27,552",,,,,,,,NA,,,NA,,,NA,,,NA,"43,360,050","5,203,205,940","2,833,720",425,"1,204,331,000","430,990",600,"258,594,000",,NA,,,NA,"5,192,180",584,"3,034,540,756",,NA,"2,592,000",567,"1,468,800,000"
Mandera,2023,0,0,0,51,"597,279",,"636,500",84,"2,537,634","115,162","744,612","20,458",594,48,,,,,,,,,,,,120,"1,853","47,588",,,,,,,,,,,,,,,,,,,,,,,,,,,,,,,,,,,,,,
Marsabit,2021,100,0,0,228,"268,882",NA,"1,052,437",78,"1,208,668","94,886","283,327",545,"2,271",NA,,NA,21,NA,NA,NA,NA,NA,NA,NA,58,"1,580","3,800","91,154","5,960",596,"35,798","2,052","8,320","929,622",470,"436,922,340","1,430",700,"1,001,000","21,349",150,"3,202,350","94,233",50,"4,711,650","597,559","59,755,900","1,558,345",445,"693,463,525","822,560",465,"382,490,400",NA,NA,NA,,NA,"131,931",775,"102,246,525",NA,NA,"92,353",600,"55,411,800"
Marsabit,2022,125,0,0,273,"130,486",NA,"668,029",102,"836,249","74,266","233,328",244,"2,282",NA,,NA,28,NA,NA,NA,NA,0,0,NA,68,"1,600","1,400","80,964",,,,,,"431,760",625,"269,850,000","14,695",670,"9,845,650","2,435",,NA,"33,232",,NA,"67,049,377","8,381,172,070","1,150,000",625,"718,750,000","1,055,880",625,"659,925,000",,NA,,,NA,"40,592",592,"24,016,933",,NA,"2,440,800",600,"1,464,480,000"
Marsabit,2023,0,0,0,396,"113,932",,"532,550",374,"627,253","72,968","183,388",391,"2,646",,,17,15,,8,,,,,,80,680,"8,630","75,506",,,,,,,,,,,,,,,,,,,,,,,,,,,,,,,,,,,,,,
Meru,2021,79,450,0,"216,600","227,908","31,340","74,386","38,540","223,130","5,425","2,120","32,344","2,640",NA,,"1,163","3,530","1,590","2,080",NA,NA,NA,NA,"38,365","24,450","63,360","133,600","1,322,770","558,028","27,901","2,234,583","950,078","187,655","5,950",450,"2,677,500","612,340",500,"306,170,000","16,706",150,"2,505,900","7,697",50,"384,850","322,086,366","25,409,035,540","3,600,000",450,"1,620,000,000","388,292",600,"232,975,200","1,430,640","643,788,000","110,025",500,"55,012,500","1,857,338",500,"928,668,750",NA,NA,"580,896",600,"348,537,600"
Meru,2022,79,450,0,"216,600","150,000","16,900","90,960","48,210","218,090","5,150","2,380","28,830","8,840",NA,NA,"1,163","3,530","1,590","2,080","3,050",NA,0,0,"39,740","24,450","127,840","378,040","1,087,350",,,,,,"5,950",450,"2,677,500","612,340",500,"306,170,000","202,700",120,"24,324,000","80,920",30,"2,427,600","322,086,366","25,409,035,540","3,600,000",450,"1,620,000,000","388,292",600,"232,975,200","1,430,640","643,788,000","110,025",500,"55,012,500","1,857,338",283,"526,245,625",,NA,"1,198,350",600,"719,010,000"
Meru,2023,0,0,0,"227,370","221,080","32,310","77,240","38,820","229,880","5,750","2,380","31,050","2,810",,,"1,200","3,520","1,615","2,080",,NA,NA,,"42,070","25,660","65,250","128,280","1,442,230",,,,,,,,,,,,,,,,,,,,,,,,,,,,,,,,,,,,,,
Migori,2021,63,400,0,"11,758","408,597",NA,"263,340","3,500","493,830","4,276",NA,959,"2,843",NA,,233,"6,669","1,133","2,749","1,652",464,"2,427",NA,"6,137","11,740","2,749","16,140","4,084,846","121,022","8,109","2,862,719","22,479","78,503",NA,,NA,"79,269",800,"63,415,200","1,964",150,"294,600","15,825",14,"221,550","17,433,699","1,089,606,188","4,366,474",456,"1,992,203,763","545,114",556,"303,219,551","321,185","128,473,800","2,519",500,"1,259,700","3,323,629",550,"1,827,995,692",,NA,"2,547,627",500,"1,273,813,380"
Migori,2022,75,450,0,"12,699","429,027",NA,"302,841","3,509","567,905","4,362",NA,959,"3,127",NA,NA,233,"6,802","1,133","2,860","1,702",522,2548.35,0,"7,058","4,199","2,804","16,624","4,289,088",,,,,,,,NA,"107,685","1,000","107,685,000","35,617",350,"12,465,950","134,302",200,"26,860,400","32,844,924","2,463,369,300","4,808,496",569,"2,734,832,214","651,865",444,"289,265,094","375,801","169,110,450",605,500,"302,500","4,503,316",367,"1,651,215,867",,NA,"1,228,376",588,"721,670,900"
Migori,2023,0,0,0,"13,334","441,898",,"310,413","3,579","584,943","4,462",,987,"3,378",,,240,"7,143","1,189","3,062","1,805",533,"2,625",,"7,339","4,326","2,817","20,500","4,632,215",,,,,,,,,,,,,,,,,,,,,,,,,,,,,,,,,,,,,,
Mombasa,2021,80,600,0,"2,888","7,585",NA,"2,292",262,"24,806",78,30,123,168,2,,743,"4,821",865,"1,731",NA,NA,"1,545",1,"3,063","1,343","119,021","37,589","87,840","4,096",409,"6,752",681,"1,282",NA,"3,600",NA,"4,947",800,"3,957,760","37,427",90,"3,368,430","124,389",50,"6,219,450","1,905,045","152,403,600","186,550",500,"93,275,000","9,500",600,"5,700,000","64,595","38,757,000","1,584",600,"950,400","1,217,535",600,"730,521,000",NA,NA,"3,543,689",600,"2,126,213,400"
Mombasa,2022,100,900,0,"2,901","7,462",NA,"2,266",244,"25,309",39,28,173,188,2,1,769,"6,038","4,967","1,824",585,392,1738,0,"2,346","1,319","118,441","36,748","76,307",,,,,,,600,NA,"5,037","1,000","5,037,000","1,499",100,"149,900","9,590",30,"287,700","1,901,222","190,122,200","184,426",550,"101,434,300","9,480",740,"7,015,200","64,323","57,890,700","1,584",800,"1,267,200","1,221,048",417,"508,770,000",,NA,"120,713",740,"89,327,620"
Mombasa,2023,0,0,0,"2,859","7,482",,"2,263",237,"25,248",27,28,173,388,2,,778,"6,130","4,993","1,905",608,403,"1,770",,"2,357","1,326","121,402","37,620","78,819",,,,,,,,,,,,,,,,,,,,,,,,,,,,,,,,,,,,,,
Murang'a,2021,46,500,225,,,,,,,,,,,,,,,,,,,,,,,,,,"151,335","9,301","3,781,498","39,126","9,066",NA,,NA,"753,133",600,"451,879,800","14,273",100,"1,427,292","27,056",20,"541,121","247,619,631","11,452,407,934","6,279,420",500,"3,139,710,000","53,640",600,"32,184,000","3,008,925","1,504,462,500","52,981",400,"21,192,400","1,803,241",500,"901,620,500","258,401","58,140,225","938,007",700,"656,604,900"
Murang'a,2022,44,500,0,"316,527","37,131","18,566","41,988","74,287","109,256","1,021",NA,"14,092","7,237",860,NA,"4,206","4,146","3,483","1,733","1,038",981,210,7,"52,842","63,075","98,448","585,875","987,822",,,,,,,,NA,"744,115",700,"520,880,500","43,229",35,"1,513,015","11,392",75,"854,400","253,100,272","11,136,411,968","6,379,467",500,"3,189,733,500","35,019",700,"24,513,300","2,996,862","1,498,431,000","53,554",400,"21,421,600","1,804,652",329,"594,031,283",,NA,"89,286",700,"62,500,200"
Murang'a,2023,0,0,0,"322,118","36,536","18,459","41,841","79,663","107,095","1,012",,"13,362","7,467",871,,"4,135","4,245","3,643","1,828","1,027",935,150,,"48,373","64,284","95,759","558,391","983,105",,,,,,,,,,,,,,,,,,,,,,,,,,,,,,,,,,,,,,
Nairobi,2021,70,300,70,"14,783","14,168",NA,"15,137","4,084","21,634",377,5,124,269,NA,,"5,011","14,692","4,930","2,143",NA,"2,208",638,NA,"23,754","26,971","296,868","179,300","253,847","28,950","1,448","46,589,043","2,895","12,257",NA,600,NA,"10,690",500,"5,345,000",NA,600,NA,"10,690",500,"5,345,000","20,262,610","1,418,382,700","334,813",400,"133,925,000","53,149",450,"23,916,938","1,036,260","310,878,000","26,934",400,"10,773,600","513,447",600,"308,068,410","20,262,610","1,418,382,700","334,813",400,"133,925,000"
Nairobi,2022,70,500,0,"14,225","15,405",NA,"14,173","4,332","22,030",378,6,111,248,NA,,"4,792","12,927","5,021","3,070","2,386","2,431",535,0,"19,188","25,649","284,830","165,810","242,835",,,,,,,,NA,"11,270",500,"5,635,000","2,119",800,"1,695,200","10,765",100,"1,076,500","19,653,060","1,375,714,200","314,963",650,"204,725,625","50,002",677,"33,864,991","982,920","491,460,000","26,222",400,"10,488,800","483,439",327,"157,923,407",,NA,"67,634",700,"47,343,800"
Nairobi,2023,0,0,0,"13,390","14,485",6,"13,334","4,412","21,810",400,3,99,275,,,"4,792","12,927","5,021","3,070","2,386","2,431",535,,"18,200","24,974","269,974","139,005","238,043",,,,,,,,,,,,,,,,,,,,,,,,,,,,,,,,,,,,,,
Nakuru,2021,46,455,46,"435,638","173,898","239,815","415,731","31,452","248,587","25,423",100,"25,337","4,868","2,823",,"14,828","15,451","13,927",120,NA,NA,NA,2,"21,277","72,924","159,787","321,699","1,484,746","520,907","27,229","3,764,722","82,289","106,869",NA,,NA,"609,204",568,"345,723,270",NA,,NA,"609,204",568,"345,723,270","287,005,459","13,228,342,538","5,656,370",456,"2,581,361,354","2,100,550",535,"1,122,839,455","333,688","151,828,040","23,874",232,"5,534,311","3,125,566",482,"1,505,954,431","287,005,459","13,228,342,538","5,656,370",456,"2,581,361,354"
Nakuru,2022,48,500,49,"449,120","251,916","239,501","428,600","40,742","210,363","25,849",4,"27,040","6,064",710,,"14,897","15,403","14,320",160,56,240,50,14,"22,675","56,711","145,778","287,019","1,505,531",,,,,,,,NA,"813,606",640,"520,707,840","214,052",85,"18,097,124","194,683",56,"10,884,550","318,978,431","15,223,970,570","4,242,880",517,"2,192,797,269","2,699,731",582,"1,570,752,727","361,310","180,654,750","30,812",340,"10,475,910","4,659,375",296,"1,377,104,226","193,094","9,378,842","927,027",582,"539,361,164"
Nakuru,2023,0,0,0,"466,779","251,150","259,503","537,937","47,593","298,170","21,490",,"27,861","6,944",319,,"15,803","17,755","15,286",NA,NA,NA,NA,,"27,517","66,376","164,613","301,737","1,559,545",,,,,,,,,,,,,,,,,,,,,,,,,,,,,,,,,,,,,,
Nandi,2021,41,400,41,"176,610","71,537","10,615","92,279","3,811","32,816","4,249",NA,"1,524","6,729",NA,,411,537,NA,NA,NA,NA,NA,NA,880,"4,033","25,614","72,909","673,888","109,104","12,789","818,583","9,201","23,944",NA,,NA,"149,325",700,"104,527,589","1,253,072",173,"217,272,842","1,734,934",50,"86,848,933","166,582,405","6,885,406,072","1,395,262",500,"697,630,750","283,322",600,"169,993,445","18,184","7,273,728",523,400,"209,104","354,876",600,"212,925,457","166,582,405","6,885,406,072","1,395,262",500,"697,630,750"
Nandi,2022,44,450,0,"179,437","71,040","10,324","93,743","3,542","29,356","4,249",NA,"1,588","7,142",NA,NA,377,511,379,496,NA,NA,0,0,984,"3,734","20,982","58,328","539,107",,,,,,,,NA,"238,266",700,"166,786,200","9,484",200,"1,896,800","42,832",200,"8,566,400","190,457,736","8,443,626,296","1,426,465",592,"843,991,673","357,061",650,"232,089,650","20,412","9,185,400",587,400,"234,800","395,286",517,"204,231,100",,NA,"60,541",650,"39,351,650"
Nandi,2023,0,0,0,"182,667","72,882","10,413","102,002","3,606","31,339","4,588",,"1,752","8,088",,,397,549,399,"2,451",,,,,"1,105","4,197","23,542","62,523","547,042",,,,,,,,,,,,,,,,,,,,,,,,,,,,,,,,,,,,,,
Narok,2021,50,500,50,"96,197","1,430,352","72,086","2,596,824","4,854","995,861","85,657",NA,"25,268","4,902",NA,,282,830,369,100,28,NA,NA,NA,"2,191","3,915","4,460","53,290","704,844","523,946","52,395","29,242,505","21,218","51,104",,,,,,,,,,,,,,,,,,,,,,,,,,,,,,,,,
Narok,2022,45,600,180,"99,082","1,401,745","72,743","2,622,793","4,902","995,616","86,941",NA,"24,267","4,950",411,,304,869,391,128,41,21,0,0,"2,365","3,954","4,717","55,649","721,349",,,,,,,,NA,"49,699",600,"29,819,400","7,598",375,"2,849,250","96,457",60,"5,787,420","111,173,488","5,002,806,960","32,170,042",600,"19,302,024,900","3,477,823",700,"2,434,476,100","111,602","66,961,200","1,199",400,"479,600","695,163",367,"254,893,100","25,957","4,672,260","1,024,465",700,"717,125,500"
Narok,2023,0,0,0,"101,940","1,387,727","73,196","2,649,020","4,927","956,090","87,810",,"23,781","5,098",424,,309,878,394,150,52,28,,,"2,530","3,994","5,001","58,987","768,238",,,,,,,,,,,,,,,,,,,,,,,,,,,,,,,,,,,,,,
Nyamira,2021,60,400,60,"35,662","87,062",NA,"12,749","1,287","41,513",NA,NA,254,"2,538",309,,586,612,381,NA,NA,NA,NA,NA,"1,424","2,939","10,574","66,375","489,836","93,632","8,166","764,289","3,307","5,964",NA,,NA,"85,787","1,000","85,786,750",NA,,NA,"85,787","1,000","85,786,750","22,431,108","1,345,866,476","1,075,719",500,"537,859,700","61,970",500,"30,985,000","56,370","22,547,840",845,400,"337,952","903,249",800,"722,598,968","22,431,108","1,345,866,476","1,075,719",500,"537,859,700"
Nyamira,2022,54,0,0,"36,018","87,933",NA,"12,877","1,301","41,929",750,NA,259,"2,588",315,,592,617,385,633,53,334,364,0,"1,438","2,968","10,680","67,039","494,733",,,,,,,,NA,"134,831","1,000","134,831,000","7,833",100,"783,300","19,567",50,"978,350","37,251,274","2,011,568,796","1,182,440",600,"709,464,180","63,223",700,"44,256,100",,NA,"2,350",400,"940,000","774,899",600,"464,939,400",,NA,"205,818",800,"164,654,400"
Nyamira,2023,0,0,0,"36,380","88,814",320,"13,137","1,361","42,767",758,,261,"2,614",318,,598,622,389,639,54,337,368,,"1,510","3,116","10,787","67,709","499,680",,,,,,,,,,,,,,,,,,,,,,,,,,,,,,,,,,,,,,
Nyandarua,2021,46,530,46,"358,100","35,800","283,000","193,000","17,280","65,400","10,040",7,"11,320","4,010",NA,,"7,080","7,500","8,540",15,NA,NA,NA,3,"6,200","40,700","46,500","28,500","558,200","169,555","16,956","556,493","12,239","51,136",,,NA,"281,797",800,"225,437,600",,,NA,"281,797",800,"225,437,600","245,596,375","11,297,433,250","5,475,050",540,"2,956,527,000","1,775,750",620,"1,100,965,000","146,985","77,902,050","43,110",600,"25,866,000","875,042",660,"577,527,720","245,596,375","11,297,433,250","5,475,050",540,"2,956,527,000"
Nyandarua,2022,42,600,20,"366,740","38,380","309,180","207,470","18,965","72,040","10,148",8,"10,850","5,820",670,,"9,542","10,855","11,371",NA,NA,250,0,0,"7,000","45,353","40,190","29,370","694,060",,,,,,,,NA,"309,120",800,"247,296,000",,,NA,,,NA,"296,834,640","12,467,054,880","4,730,300",600,"2,838,180,000","1,532,275",800,"1,225,820,000","307,080","184,248,000","47,470",500,"23,735,000","499,030",433,"216,246,333","1,020,000","20,400,000","164,880",800,"131,904,000"
Nyandarua,2023,0,0,0,"385,200","40,300","340,200","228,300","20,900","79,500","8,420",,"10,850","6,178",670,,"9,940","12,220","12,720",10,,560,,,"8,530","56,550","44,000","35,100","832,800",,,,,,,,,,,,,,,,,,,,,,,,,,,,,,,,,,,,,,
Nyeri,2021,47,500,47,,,,,,,,,,,,,,,,,,,,,,,,,,"6,370",10,"853,760","16,120","78,715",,,,,,,,,,,,,,,,,,,,,,,,,,,,,,,,,
Nyeri,2022,43,606,0,"196,199","3,904","24,637","150,637","60,429","71,813",801,,"3,043","6,971",871,,"1,994","2,335","2,034",284,55,NA,0,8,"14,029","33,356","56,838","69,676","771,360",,,,,,,,NA,"6,170",925,"5,707,250","28,865",50,"1,443,250","85,338",100,"8,533,800","112,462,901","4,864,020,460","1,373,380",600,"824,028,000","429,040",688,"294,965,000","258,710","156,842,938","3,595",613,"2,201,938","667,370",425,"283,632,250",,NA,"244,185",694,"169,403,344"
Nyeri,2023,0,0,0,"188,500","2,200","5,290","156,560","53,195","73,990",739,,"2,880","7,040",390,,"2,020","1,795","1,930",355,255,60,65,,"13,115","28,680","186,800","117,490","781,940",,,,,,,,,,,,,,,,,,,,,,,,,,,,,,,,,,,,,,
Samburu,2021,90,533,100,"8,076","305,736",NA,"651,787","2,045","824,074","30,770","54,063","12,847","2,870",1,,66,94,51,38,153,NA,NA,NA,309,423,"1,644","3,495","97,669","76,823","25,607","88,759","19,519","66,791","326,088",433,"141,304,800","183,035",900,"164,731,320","27,797",200,"5,559,400","11,148",75,"836,100","27,104,527","2,439,407,432","4,345,416",433,"1,883,013,708","997,232",533,"531,857,280","22,680","12,096,000",6,700,"4,004","133,425",600,"80,054,820","137,781","13,778,132","1,468,813",500,"734,406,500"
Samburu,2022,80,600,0,"5,455","289,058",NA,"554,018","3,393","741,666","18,874","54,348","13,489","3,012",1,NA,68,100,55,40,160,NA,0,0,672,286,"1,398","3,179","155,993",,,,,,"750,223",600,"450,133,500","194,505",700,"136,153,430","14,995",15,"224,925","129,620",14,"1,814,680","65,503,819","5,240,305,528","5,172,848",600,"3,103,708,800","1,578,951",800,"1,263,161,040","36,828","22,096,800",11,700,"7,700","190,928",433,"82,735,293",,NA,"1,820,298",800,"1,456,238,480"
Samburu,2023,0,0,0,"6,001","274,606",,"526,317","3,732","606,766","20,761","60,018","14,164","3,112",1,,71,105,58,42,168,,,,744,343,"1,538","3,497","171,592",,,,,,,,,,,,,,,,,,,,,,,,,,,,,,,,,,,,,,
Siaya,2021,69,418,0,"10,565","434,559",NA,"196,906","8,362","567,956","9,593",NA,230,"12,463",NA,,"4,024","7,715","1,905","1,924",NA,612,"3,819",NA,"18,723","17,055","134,007","101,981","1,181,280","380,112","27,716","1,549,132","26,125","70,900",NA,,NA,"435,360",967,"420,848,000",,,NA,,,NA,"35,538,787","2,458,099,453","9,843,073",495,"4,872,321,185","445,868",517,"230,365,237","879,450","367,903,083","3,081",533,"1,643,200","1,885,187",500,"942,593,324",NA,NA,"1,462,132",445,"650,648,740"
Siaya,2022,75,453,0,"11,561","469,956",NA,"211,090","9,199","376,537","10,263",4,227,"14,373",NA,NA,"4,427","8,483","2,101","2,118",NA,674,4198.4,0,"19,670","17,810","146,311","111,366","1,240,767",,,,,,,,NA,"487,786","1,033","504,045,533","32,464",300,"9,739,200","78,155",45,"3,516,975","24,989,680","1,874,226,000","4,901,246",558,"2,736,529,017","327,410",542,"177,347,083","827,643","375,198,160","9,206",533,"4,909,867","1,879,038",356,"668,102,400",,NA,"617,469",583,"360,190,250"
Siaya,2023,0,0,0,"12,568","504,124",,"227,135","9,769","402,068","11,020",9,216,"16,077",,,"4,870","9,331","2,312","2,330",,741,"4,584",,"20,260","18,522","144,020","120,798","1,278,109",,,,,,,,,,,,,,,,,,,,,,,,,,,,,,,,,,,,,,
Taita_Taveta,2021,48,450,0,"32,136","143,213",NA,"51,885","4,158","307,896","3,228",979,"5,404","4,166",335,,644,"5,505",490,819,164,NA,NA,NA,"2,111","11,757","25,048","28,574","506,826","48,405","2,825","1,951,719","5,157","10,850",,,,,,,,,,,,,,,,,,,,,,,,,,,,,,,,,
Taita_Taveta,2022,55,250,0,"32,587","149,905",NA,"63,994","6,070","346,358","3,704","1,319","5,504","5,444",555,NA,830,"9,849",681,"1,850",714,NA,0,0,"2,321","13,820","175,100","198,643","647,080",,,,,,,,,,,,,,,,,,,,,,,,,,,,,,,,,,,,,,
Taita_Taveta,2023,0,0,0,"32,981","158,925",,"64,096","5,221","372,333","3,894","1,242","5,494","5,684",551,,844,"11,421",725,"2,225",842,,,,"2,725","14,582","71,207","204,880","796,494",,,,,,,,,,,,,,,,,,,,,,,,,,,,,,,,,,,,,,
Tana_River,2021,77,500,33,,,,,,,,,,,,,,,,,,,,,,,,,,"64,136","6,414","29,506",NA,NA,,,,,,,,,,,,,,,,,,,,,,,,,,,,,,,,,
Tana_River,2022,77,500,0,66,"475,330",NA,"264,293",800,"832,200","25,780","67,950","11,422","7,030",91,,"25,780","67,950","11,422",464,"7,030",NA,0,0,NA,185,600,"9,700","102,548",,,,,,"175,600",600,"105,360,000","31,120",600,"18,672,000",,,NA,,,NA,"38,174,690","2,926,726,233","247,300",360,"89,028,000","95,030",400,"38,012,000",,NA,749,380,"284,620","100,640",333,"33,546,667",,NA,"331,213",400,"132,485,200"
Tana_River,2023,0,0,0,125,"515,558",NA,"320,385","1,098","908,620","27,012","71,657","14,514","8,135",125,,"23,266","9,201","11,087","1,083","7,219",,,,54,419,"2,506","9,099","110,366",,,,,,,,,,,,,,,,,,,,,,,,,,,,,,,,,,,,,,
Tharaka_Nithi,2021,56,457,103,"71,666","91,318",NA,"55,881","21,236","220,517","1,602",NA,"159,591","14,235",NA,,390,"2,979","1,185",219,705,420,NA,NA,"15,324","19,951","24,188","44,454","541,611","617,183","1,674","12,426,653",NA,NA,NA,,NA,"3,207,850",800,"2,566,280,000",NA,,NA,NA,,NA,"37,813,815","2,106,769,693","2,070,098",500,"1,035,049,000","123,238",600,"73,942,800","715,123","326,913,371","14,587",686,"10,002,583","853,904",686,"585,534,171","1,211,549","124,358,979","55,868,522",552,"30,857,284,502"
Tharaka_Nithi,2022,64,500,0,"73,024","88,359",NA,"54,772","21,729","203,798","5,127",NA,"157,152","14,395",NA,NA,394,"3,034","11,263",243,972,542,0,0,"15,717","20,258","24,277","43,391","515,973",,,,,,,,NA,"742,068",800,"593,654,400",,,NA,,,NA,"41,832,006","2,689,200,386","2,689,834",600,"1,613,900,400","125,811",743,"93,459,600","750,884","375,442,000","17,866",800,"14,292,800","892,494",467,"416,497,200",,NA,"386,694",743,"287,258,400"
Tharaka_Nithi,2023,0,0,0,"76,675","92,777",NA,"57,512","22,815","1,140,089","4,662",,"153,241","15,145",,,414,"3,185","11,827",275,"1,003",569,NA,,"16,503","101,271","25,491","45,660","541,772",,,,,,,,,,,,,,,,,,,,,,,,,,,,,,,,,,,,,,
Trans-Nzoia,2021,46,600,0,"209,628","8,025","3,877","147,504","5,811","37,959","6,490",NA,"3,948","8,051",NA,,"7,449","7,060","8,794","1,150",NA,NA,NA,NA,"7,051","4,737","20,768","94,528","1,060,459","137,839","13,784","1,278,560",NA,NA,NA,,NA,"332,654",800,"266,123,200","31,965",300,"9,589,500","75,957",45,"3,418,065","195,378,222","8,987,398,212","2,210,200",500,"1,105,100,000","598,061",550,"328,933,688","405,648","243,388,800","5,194",500,"2,597,175","1,284,744",600,"770,846,238",NA,NA,"336,685",600,"202,011,000"
Trans-Nzoia,2022,51,700,0,"210,790","8,184","4,323","155,160","6,196","39,610","6,726",NA,"4,031","8,745",NA,NA,"7,685","7,502","8,944","1,253",NA,NA,0,,"7,512","4,947","21,958","127,494","1,125,311",,,,,,,,NA,"330,400","1,000","330,400,000",,,NA,,,NA,"196,544,616","9,945,157,570","2,215,000",600,"1,329,000,000","607,103",700,"424,971,750","451,062","315,743,400","5,190",500,"2,595,100","832,114",450,"374,451,165",,NA,"118,836",750,"89,127,000"
Trans-Nzoia,2023,0,0,0,"211,168","8,379","4,570","157,324","6,527","39,612","6,019",,"4,070","10,337",,,"7,770","7,759","9,382","1,352",,,,,"8,353","4,943","23,414","262,668","1,147,425",,,,,,,,,,,,,,,,,,,,,,,,,,,,,,,,,,,,,,
Turkana,2021,101,0,0,5,"2,508,341",,"6,585,780",,"6,973,731","3,450","7,153","2,481",NA,NA,,"11,480",490,330,500,NA,NA,NA,,327,"2,122","1,000","889,234","1,389","108,652",,"405,996",NA,NA,"8,973,920",400,"3,589,568,000","80,881","1,000","80,881,300",NA,,NA,NA,,NA,"228,626,015","23,189,210,062","38,831,525",400,"15,532,610,000","4,884,232",514,"2,511,890,537",,NA,,,NA,"572,804",650,"372,322,763",NA,NA,"3,644,366",600,"2,186,619,600"
Turkana,2022,101,800,0,,"3,106,522",,"5,426,924",324,"6,197,716","541,431","897,392","3,424","2,455",NA,"1,022","7,469","13,310",542,281,"127,933",NA,0,0,196,22,NA,"1,100","763,739",,,,,,"10,552,460",457,"4,823,981,714","97,537",971,"94,750,423",,,NA,,,NA,"281,170,578","28,518,730,034","44,989,960",429,"19,281,411,429","11,972,093",510,"6,105,767,634","10,380","8,304,000",,,NA,"778,691",474,"368,951,117",,NA,"15,114,199",524,"7,924,158,461"
Turkana,2023,0,0,0,13,"3,599,189",,"6,651,163",443,"8,060,906","542,908","1,055,246","3,656","6,018",,,"7,664","15,145",627,473,"129,243",,,,346,26,200,"2,780","1,037,758",,,,,,,,,,,,,,,,,,,,,,,,,,,,,,,,,,,,,,
Uasin_Gishu,2021,38,600,0,"342,857","43,174","39,476","134,385",913,"88,864","5,674",6,,"9,967","13,141",,NA,,,,,,,22,"17,251","13,787","44,261","44,261","706,702","204,433","22,931","22,985,873","27,922","78,155",NA,,NA,"155,560",700,"108,892,000","43,284",120,"5,194,064","130,612",50,"6,530,580","308,077,353","11,706,939,414","3,476,570",500,"1,738,285,000","652,175",600,"391,305,000","966,924","580,154,400","14,910",800,"11,928,000","386,318",500,"193,159,000",NA,NA,"801,373",558,"447,433,258"
Uasin_Gishu,2022,40,700,150,"347,657",NA,"39,488","134,425","1,014","90,640","7,148",7,"1,264","11,401",NA,13,748,"1,116",424,189,NA,293,0,,"17,906","14,201","43,451","350,324","792,037",,,,,,,,NA,"210,566",700,"147,396,200",,,NA,,,NA,"440,830,772","17,633,230,884","7,119,913",600,"4,271,947,800","876,262",700,"613,383,400","706,428","494,499,600","11,812","1,200","14,174,400","527,762",433,"228,696,867","42,833","6,424,950","559,844",700,"391,890,800"
Uasin_Gishu,2023,0,0,0,"349,714","43,622","40,269","141,105",913,"89,041","5,700",6,"2,461","10,018",18,,684,"1,170",927,267,,"1,032",,,"17,251","12,570","44,305","44,350","710,235",,,,,,,,,,,,,,,,,,,,,,,,,,,,,,,,,,,,,,
Vihiga,2021,60,450,0,"44,770","122,030",15,"4,220","8,360","4,580",120,NA,210,"3,530",NA,,"2,460","3,470","1,800","2,220",530,NA,"1,870",4,"3,300","5,050","14,000","12,500","918,300","83,910","8,391","692,115","20,240","3,328",NA,,NA,"37,490","1,000","37,490,000",NA,,NA,NA,,NA,"37,070,081","2,224,204,860","1,448,520",480,"695,289,600","11,865",550,"6,525,750","42,850","19,282,500",NA,400,NA,"676,800",600,"406,080,000",NA,NA,"1,053,612",600,"632,167,200"
Vihiga,2022,75,0,0,"45,440","118,370",NA,"4,090","7,880","4,850",55,NA,145,"3,300",NA,,"2,460","3,380","1,660","2,320",440,NA,1750,4,"3,830","3,600","6,800","8,700","900,000",,,,,,,,NA,"88,600","1,200","106,320,000",,,NA,,,NA,"37,453,490","2,809,011,750","3,240",500,"1,620,000",,,NA,,NA,,,NA,NA,NA,NA,,NA,,,NA
Vihiga,2023,0,0,0,"45,910","118,750",,"3,840","8,350","4,800",55,,120,"3,670",,,"2,940","4,060","1,994","2,760",520,,"2,100",,"3,670","5,395","8,160","10,400","924,100",,,,,,,,,,,,,,,,,,,,,,,,,,,,,,,,,,,,,,
Wajir,2021,100,0,0,18,"893,032",NA,"2,231,725",28,"3,190,511","169,527","1,184,083",74,521,65,,NA,NA,3,NA,NA,76,NA,16,NA,NA,"6,860","9,330","494,315",,,,,,"9,983,713",406,"4,055,883,406","12,340","1,000","12,340,000",NA,,NA,NA,,NA,"237,162,418","23,716,241,800","1,227,952",400,"491,180,800","3,285,888",600,"1,971,532,800",NA,NA,NA,,NA,"265,821",438,"116,296,688",NA,NA,"50,859",600,"30,515,562"
Wajir,2022,96,0,0,18,"830,524",NA,"2,010,422",28,"2,871,713","166,142","1,148,565",74,521,65,NA,NA,NA,3,NA,NA,76,0,16,NA,NA,"6,860","11,410","475,315",,,,,,"36,280,260",600,"21,768,156,000","13,843","1,000","13,843,000",,,NA,,,NA,"139,286,665","13,319,287,302","9,373,113",600,"5,623,867,500","7,634,524",800,"6,107,618,880",,NA,,,NA,"52,243",833,"43,535,917",,NA,"10,770,368",800,"8,616,294,720"
Wajir,2023,0,0,0,37,"749,849",,"2,120,701",32,"2,991,769",,"1,209,342",74,645,,,,,,,,,,,,12,"11,904","19,350","486,719",,,,,,,,,,,,,,,,,,,,,,,,,,,,,,,,,,,,,,
West Pokot,2021,70,300,0,,,,,,,,,,,,,,,,,,,,,,,,,,"1,402,320","140,232","1,231,769","2,429","36,420","36,814",500,"18,406,800","1,459,213",225,"328,322,970","1,178",300,"353,400","34,758",50,"1,737,900","178,823,916","12,517,674,095","11,677,146",413,"4,816,822,828","1,337,430",533,"712,181,675","22,037","6,611,220","5,570",300,"1,670,870","840,747",650,"546,485,758",NA,NA,"2,592,000",567,"1,468,800,000"
West Pokot,2022,70,300,200,"121,408","509,467","96,235","533,144",884,"681,253","3,434","19,389","70,701","10,715",,,"30,932","17,317","7,839",NA,NA,NA,0,,583,"6,315","2,470","9,272","726,874",,,,,,"76,834",500,"38,416,900","1,490,511",225,"335,365,043",,,NA,,,NA,"147,498,813","10,324,916,910","12,423,508",413,"5,124,697,091","1,394,095",533,"742,355,801","29,425","8,827,560","6,420",300,"1,926,120","944,004",417,"393,335,000","175,181","35,036,240","3,077,108",533,"1,638,560,170"
West Pokot,2023,0,0,0,"132,545","538,879","100,104","555,941","1,753","818,809","3,395","21,343","71,599","11,092",,,"33,488","18,893","8,538",,50,,,,778,"7,279","2,760","11,307","816,161",,,,,,,,,,,,,,,,,,,,,,,,,,,,,,,,,,,,,,
